Group Linked Sub-preference,Programme Title,Grade,Placement 1: Site,Placement 1: Specialty,Placement 2: Site,Placement 2: Specialty,Placement 3: Site,Placement 3: Specialty,Grade.1,Placement 4: Site,Placement 4: Specialty,Placement 4: Description,Placement 5: Site,Placement 5: Specialty,Placement 5: Description,Placement 6: Site,Placement 6: Specialty,Placement 6: Description
Scotland Deanery - South East Region - ScotS01,ScotS01001,F1,Royal Infirmary of Edinburgh at Little France,Trauma and Orthopaedic Surgery,Victoria Hospital,General Surgery,Royal Infirmary of Edinburgh at Little France,Acute Internal Medicine,,,,,,,,,,
Scotland Deanery - South East Region - ScotS01,ScotS01002,F1,Royal Infirmary of Edinburgh at Little France,Acute Internal Medicine,Royal Infirmary of Edinburgh at Little France,Trauma and Orthopaedic Surgery,Victoria Hospital,General Surgery,,,,,,,,,,
Scotland Deanery - South East Region - ScotS01,ScotS01003,F1,Victoria Hospital,General Surgery,Royal Infirmary of Edinburgh at Little France,Acute Internal Medicine,Royal Infirmary of Edinburgh at Little France,Trauma and Orthopaedic Surgery,,,,,,,,,,
Scotland Deanery - South East Region - ScotS01,ScotS01004,F1,Royal Hospital for Children and Young People,Paediatric Surgery,Victoria Hospital,General (Internal) Medicine,Royal Infirmary of Edinburgh at Little France,Cardiology,,,,,,,,,,
Scotland Deanery - South East Region - ScotS01,ScotS01005,F1,Royal Infirmary of Edinburgh at Little France,Cardiology,Royal Hospital for Children and Young People,Paediatric Surgery,Victoria Hospital,General (Internal) Medicine,,,,,,,,,,
Scotland Deanery - South East Region - ScotS01,ScotS01006,F1,Victoria Hospital,General (Internal) Medicine,Royal Infirmary of Edinburgh at Little France,Cardiology,Royal Hospital for Children and Young People,Paediatric Surgery,,,,,,,,,,
Scotland Deanery - South East Region - ScotS01,ScotS01007,F1,Royal Hospital for Children and Young People,Paediatrics,Victoria Hospital,General Surgery,Victoria Hospital,General (Internal) Medicine,,,,,,,,,,
Scotland Deanery - South East Region - ScotS01,ScotS01008,F1,Victoria Hospital,General (Internal) Medicine,Royal Hospital for Children and Young People,Paediatrics,Victoria Hospital,General Surgery,,,,,,,,,,
Scotland Deanery - South East Region - ScotS01,ScotS01009,F1,Victoria Hospital,General Surgery,Victoria Hospital,General (Internal) Medicine,Royal Hospital for Children and Young People,Paediatrics,,,,,,,,,,
Scotland Deanery - South East Region - ScotS01,ScotS01010,F1,Royal Hospital for Children and Young People,Paediatric Surgery,Victoria Hospital,General Surgery,Victoria Hospital,General (Internal) Medicine,,,,,,,,,,
Scotland Deanery - South East Region - ScotS01,ScotS01011,F1,Victoria Hospital,General (Internal) Medicine,Royal Hospital for Children and Young People,Paediatric Surgery,Victoria Hospital,General Surgery,,,,,,,,,,
Scotland Deanery - South East Region - ScotS01,ScotS01012,F1,Victoria Hospital,General Surgery,Victoria Hospital,General (Internal) Medicine,Royal Hospital for Children and Young People,Paediatric Surgery,,,,,,,,,,
Scotland Deanery - South East Region - ScotS01,ScotS01013,F1,Royal Hospital for Children and Young People,Paediatric Surgery,Royal Infirmary of Edinburgh at Little France,General Psychiatry,Victoria Hospital,General (Internal) Medicine,,,,,,,,,,
Scotland Deanery - South East Region - ScotS01,ScotS01014,F1,Victoria Hospital,General (Internal) Medicine,Royal Hospital for Children and Young People,Paediatric Surgery,Royal Infirmary of Edinburgh at Little France,General Psychiatry,,,,,,,,,,
Scotland Deanery - South East Region - ScotS01,ScotS01015,F1,Royal Infirmary of Edinburgh at Little France,General Psychiatry,Victoria Hospital,General (Internal) Medicine,Royal Hospital for Children and Young People,Paediatric Surgery,,,,,,,,,,
Scotland Deanery - South East Region - ScotS02,ScotS02001,F1,Victoria Hospital,General Surgery,Western General Hospital,Medical Oncology,Victoria Hospital,Paediatrics,,,,,,,,,,
Scotland Deanery - South East Region - ScotS02,ScotS02002,F1,Victoria Hospital,Paediatrics,Victoria Hospital,General Surgery,Western General Hospital,Medical Oncology,,,,,,,,,,
Scotland Deanery - South East Region - ScotS02,ScotS02003,F1,Western General Hospital,Medical Oncology,Victoria Hospital,Paediatrics,Victoria Hospital,General Surgery,,,,,,,,,,
Scotland Deanery - South East Region - ScotS02,ScotS02004,F1,Victoria Hospital,General (Internal) Medicine,Western General Hospital,General Surgery,Victoria Hospital,General (Internal) Medicine,,,,,,,,,,
Scotland Deanery - South East Region - ScotS02,ScotS02005,F1,Victoria Hospital,General (Internal) Medicine,Victoria Hospital,General (Internal) Medicine,Western General Hospital,General Surgery,,,,,,,,,,
Scotland Deanery - South East Region - ScotS02,ScotS02006,F1,Western General Hospital,General Surgery,Victoria Hospital,General (Internal) Medicine,Victoria Hospital,General (Internal) Medicine,,,,,,,,,,
Scotland Deanery - South East Region - ScotS02,ScotS02007,F1,Victoria Hospital,General (Internal) Medicine,Western General Hospital,General Surgery,Western General Hospital,General Psychiatry,,,,,,,,,,
Scotland Deanery - South East Region - ScotS02,ScotS02008,F1,Western General Hospital,General Psychiatry,Victoria Hospital,General (Internal) Medicine,Western General Hospital,General Surgery,,,,,,,,,,
Scotland Deanery - South East Region - ScotS02,ScotS02009,F1,Western General Hospital,General Surgery,Western General Hospital,General Psychiatry,Victoria Hospital,General (Internal) Medicine,,,,,,,,,,
Scotland Deanery - South East Region - ScotS02,ScotS02010,F1,Victoria Hospital,General (Internal) Medicine,Western General Hospital,Urology,Western General Hospital,Gastroenterology,,,,,,,,,,
Scotland Deanery - South East Region - ScotS02,ScotS02011,F1,Western General Hospital,Gastroenterology,Victoria Hospital,General (Internal) Medicine,Western General Hospital,Urology,,,,,,,,,,
Scotland Deanery - South East Region - ScotS02,ScotS02012,F1,Western General Hospital,Urology,Western General Hospital,Gastroenterology,Victoria Hospital,General (Internal) Medicine,,,,,,,,,,
Scotland Deanery - South East Region - ScotS02,ScotS02013,F1,Borders General Hospital,General (Internal) Medicine,Western General Hospital,General Surgery,St John's Hospital,Anaesthetics,,,,,,,,,,
Scotland Deanery - South East Region - ScotS02,ScotS02014,F1,St John's Hospital,Anaesthetics,Borders General Hospital,General (Internal) Medicine,Western General Hospital,General Surgery,,,,,,,,,,
Scotland Deanery - South East Region - ScotS02,ScotS02015,F1,Western General Hospital,General Surgery,St John's Hospital,Anaesthetics,Borders General Hospital,General (Internal) Medicine,,,,,,,,,,
Scotland Deanery - South East Region - ScotS03,ScotS03001,F1,Borders General Hospital,General Surgery,Western General Hospital,General (Internal) Medicine,Borders General Hospital,Anaesthetics,,,,,,,,,,
Scotland Deanery - South East Region - ScotS03,ScotS03002,F1,Borders General Hospital,Anaesthetics,Borders General Hospital,General Surgery,Western General Hospital,General (Internal) Medicine,,,,,,,,,,
Scotland Deanery - South East Region - ScotS03,ScotS03003,F1,Western General Hospital,General (Internal) Medicine,Borders General Hospital,Anaesthetics,Borders General Hospital,General Surgery,,,,,,,,,,
Scotland Deanery - South East Region - ScotS03,ScotS03004,F1,Borders General Hospital,General Surgery,Royal Infirmary of Edinburgh at Little France,Respiratory Medicine,Royal Infirmary of Edinburgh at Little France,Acute Internal Medicine,,,,,,,,,,
Scotland Deanery - South East Region - ScotS03,ScotS03005,F1,Royal Infirmary of Edinburgh at Little France,Acute Internal Medicine,Borders General Hospital,General Surgery,Royal Infirmary of Edinburgh at Little France,Respiratory Medicine,,,,,,,,,,
Scotland Deanery - South East Region - ScotS03,ScotS03006,F1,Royal Infirmary of Edinburgh at Little France,Respiratory Medicine,Royal Infirmary of Edinburgh at Little France,Acute Internal Medicine,Borders General Hospital,General Surgery,,,,,,,,,,
Scotland Deanery - South East Region - ScotS03,ScotS03007,F1,Borders General Hospital,General Surgery,Royal Hospital for Children and Young People,Paediatric Surgery,Royal Infirmary of Edinburgh at Little France,Acute Internal Medicine,,,,,,,,,,
Scotland Deanery - South East Region - ScotS03,ScotS03008,F1,Royal Infirmary of Edinburgh at Little France,Acute Internal Medicine,Borders General Hospital,General Surgery,Royal Hospital for Children and Young People,Paediatric Surgery,,,,,,,,,,
Scotland Deanery - South East Region - ScotS03,ScotS03009,F1,Royal Hospital for Children and Young People,Paediatric Surgery,Royal Infirmary of Edinburgh at Little France,Acute Internal Medicine,Borders General Hospital,General Surgery,,,,,,,,,,
Scotland Deanery - South East Region - ScotS03,ScotS03010,F1,Borders General Hospital,General Surgery,Borders General Hospital,General (Internal) Medicine,Royal Infirmary of Edinburgh at Little France,Respiratory Medicine,,,,,,,,,,
Scotland Deanery - South East Region - ScotS03,ScotS03011,F1,Royal Infirmary of Edinburgh at Little France,Respiratory Medicine,Borders General Hospital,General Surgery,Borders General Hospital,General (Internal) Medicine,,,,,,,,,,
Scotland Deanery - South East Region - ScotS03,ScotS03012,F1,Borders General Hospital,General (Internal) Medicine,Royal Infirmary of Edinburgh at Little France,Respiratory Medicine,Borders General Hospital,General Surgery,,,,,,,,,,
Scotland Deanery - South East Region - ScotS03,ScotS03013,F1,Royal Infirmary of Edinburgh at Little France,General Surgery,Borders General Hospital,General (Internal) Medicine,Royal Infirmary of Edinburgh at Little France,Cardiology,,,,,,,,,,
Scotland Deanery - South East Region - ScotS03,ScotS03014,F1,Royal Infirmary of Edinburgh at Little France,Cardiology,Royal Infirmary of Edinburgh at Little France,General Surgery,Borders General Hospital,General (Internal) Medicine,,,,,,,,,,
Scotland Deanery - South East Region - ScotS03,ScotS03015,F1,Borders General Hospital,General (Internal) Medicine,Royal Infirmary of Edinburgh at Little France,Cardiology,Royal Infirmary of Edinburgh at Little France,General Surgery,,,,,,,,,,
Scotland Deanery - South East Region - ScotS04,ScotS04001,F1,St John's Hospital,General (Internal) Medicine,St John's Hospital,General (Internal) Medicine,Western General Hospital,General Surgery,,,,,,,,,,
Scotland Deanery - South East Region - ScotS04,ScotS04002,F1,Western General Hospital,General Surgery,St John's Hospital,General (Internal) Medicine,St John's Hospital,General (Internal) Medicine,,,,,,,,,,
Scotland Deanery - South East Region - ScotS04,ScotS04003,F1,St John's Hospital,General (Internal) Medicine,Western General Hospital,General Surgery,St John's Hospital,General (Internal) Medicine,,,,,,,,,,
Scotland Deanery - South East Region - ScotS04,ScotS04004,F1,St John's Hospital,Paediatrics,Western General Hospital,General (Internal) Medicine,Western General Hospital,Urology,,,,,,,,,,
Scotland Deanery - South East Region - ScotS04,ScotS04005,F1,Western General Hospital,Urology,St John's Hospital,Paediatrics,Western General Hospital,General (Internal) Medicine,,,,,,,,,,
Scotland Deanery - South East Region - ScotS04,ScotS04006,F1,Western General Hospital,General (Internal) Medicine,Western General Hospital,Urology,St John's Hospital,Paediatrics,,,,,,,,,,
Scotland Deanery - South East Region - ScotS04,ScotS04007,F1,St John's Hospital,Plastic Surgery,Western General Hospital,Geriatric Medicine,Western General Hospital,General (Internal) Medicine,,,,,,,,,,
Scotland Deanery - South East Region - ScotS04,ScotS04008,F1,Western General Hospital,General (Internal) Medicine,St John's Hospital,Plastic Surgery,Western General Hospital,Geriatric Medicine,,,,,,,,,,
Scotland Deanery - South East Region - ScotS04,ScotS04009,F1,Western General Hospital,Geriatric Medicine,Western General Hospital,General (Internal) Medicine,St John's Hospital,Plastic Surgery,,,,,,,,,,
Scotland Deanery - South East Region - ScotS04,ScotS04010,F1,St John's Hospital,General (Internal) Medicine,Western General Hospital,General Surgery,St John's Hospital,General (Internal) Medicine,,,,,,,,,,
Scotland Deanery - South East Region - ScotS04,ScotS04011,F1,St John's Hospital,General (Internal) Medicine,St John's Hospital,General (Internal) Medicine,Western General Hospital,General Surgery,,,,,,,,,,
Scotland Deanery - South East Region - ScotS04,ScotS04012,F1,Western General Hospital,General Surgery,St John's Hospital,General (Internal) Medicine,St John's Hospital,General (Internal) Medicine,,,,,,,,,,
Scotland Deanery - South East Region - ScotS04,ScotS04013,F1,St John's Hospital,General (Internal) Medicine,Royal Infirmary of Edinburgh at Little France,General Surgery,Royal Infirmary of Edinburgh at Little France,Anaesthetics,,,,,,,,,,
Scotland Deanery - South East Region - ScotS04,ScotS04014,F1,Royal Infirmary of Edinburgh at Little France,Anaesthetics,St John's Hospital,General (Internal) Medicine,Royal Infirmary of Edinburgh at Little France,General Surgery,,,,,,,,,,
Scotland Deanery - South East Region - ScotS04,ScotS04015,F1,Royal Infirmary of Edinburgh at Little France,General Surgery,Royal Infirmary of Edinburgh at Little France,Anaesthetics,St John's Hospital,General (Internal) Medicine,,,,,,,,,,
Scotland Deanery - South East Region - ScotS05,ScotS05001,F1,St John's Hospital,General (Internal) Medicine,Royal Infirmary of Edinburgh at Little France,Trauma and Orthopaedic Surgery,Royal Infirmary of Edinburgh at Little France,Acute Internal Medicine,,,,,,,,,,
Scotland Deanery - South East Region - ScotS05,ScotS05002,F1,Royal Infirmary of Edinburgh at Little France,Acute Internal Medicine,St John's Hospital,General (Internal) Medicine,Royal Infirmary of Edinburgh at Little France,Trauma and Orthopaedic Surgery,,,,,,,,,,
Scotland Deanery - South East Region - ScotS05,ScotS05003,F1,Royal Infirmary of Edinburgh at Little France,Trauma and Orthopaedic Surgery,Royal Infirmary of Edinburgh at Little France,Acute Internal Medicine,St John's Hospital,General (Internal) Medicine,,,,,,,,,,
Scotland Deanery - South East Region - ScotS05,ScotS05004,F1,Western General Hospital,Respiratory Medicine,St John's Hospital,General (Internal) Medicine,St John's Hospital,Plastic Surgery,,,,,,,,,,
Scotland Deanery - South East Region - ScotS05,ScotS05005,F1,St John's Hospital,Plastic Surgery,Western General Hospital,Respiratory Medicine,St John's Hospital,General (Internal) Medicine,,,,,,,,,,
Scotland Deanery - South East Region - ScotS05,ScotS05006,F1,St John's Hospital,General (Internal) Medicine,St John's Hospital,Plastic Surgery,Western General Hospital,Respiratory Medicine,,,,,,,,,,
Scotland Deanery - South East Region - ScotS05,ScotS05007,F1,St John's Hospital,General (Internal) Medicine,Royal Infirmary of Edinburgh at Little France,Cardio-thoracic surgery,Royal Infirmary of Edinburgh at Little France,Acute Internal Medicine,,,,,,,,,,
Scotland Deanery - South East Region - ScotS05,ScotS05008,F1,Royal Infirmary of Edinburgh at Little France,Acute Internal Medicine,St John's Hospital,General (Internal) Medicine,Royal Infirmary of Edinburgh at Little France,Cardio-thoracic surgery,,,,,,,,,,
Scotland Deanery - South East Region - ScotS05,ScotS05009,F1,Royal Infirmary of Edinburgh at Little France,Cardio-thoracic surgery,Royal Infirmary of Edinburgh at Little France,Acute Internal Medicine,St John's Hospital,General (Internal) Medicine,,,,,,,,,,
Scotland Deanery - South East Region - ScotS05,ScotS05010,F1,Royal Infirmary of Edinburgh at Little France,Cardiology,Royal Infirmary of Edinburgh at Little France,General Surgery,St John's Hospital,General (Internal) Medicine,,,,,,,,,,
Scotland Deanery - South East Region - ScotS05,ScotS05011,F1,St John's Hospital,General (Internal) Medicine,Royal Infirmary of Edinburgh at Little France,Cardiology,Royal Infirmary of Edinburgh at Little France,General Surgery,,,,,,,,,,
Scotland Deanery - South East Region - ScotS05,ScotS05012,F1,Royal Infirmary of Edinburgh at Little France,General Surgery,St John's Hospital,General (Internal) Medicine,Royal Infirmary of Edinburgh at Little France,Cardiology,,,,,,,,,,
Scotland Deanery - South East Region - ScotS05,ScotS05013,F1,St John's Hospital,General (Internal) Medicine,Royal Infirmary of Edinburgh at Little France,General Surgery,St John's Hospital,Paediatrics,,,,,,,,,,
Scotland Deanery - South East Region - ScotS05,ScotS05014,F1,St John's Hospital,Paediatrics,St John's Hospital,General (Internal) Medicine,Royal Infirmary of Edinburgh at Little France,General Surgery,,,,,,,,,,
Scotland Deanery - South East Region - ScotS05,ScotS05015,F1,Royal Infirmary of Edinburgh at Little France,General Surgery,St John's Hospital,Paediatrics,St John's Hospital,General (Internal) Medicine,,,,,,,,,,
Scotland Deanery - South East Region - ScotS05,ScotS05016,F1,St John's Hospital,General (Internal) Medicine,Royal Infirmary of Edinburgh at Little France,Trauma and Orthopaedic Surgery,Royal Infirmary of Edinburgh at Little France,Histopathology,,,,,,,,,,
Scotland Deanery - South East Region - ScotS05,ScotS05017,F1,Royal Infirmary of Edinburgh at Little France,Histopathology,St John's Hospital,General (Internal) Medicine,Royal Infirmary of Edinburgh at Little France,Trauma and Orthopaedic Surgery,,,,,,,,,,
Scotland Deanery - South East Region - ScotS05,ScotS05018,F1,Royal Infirmary of Edinburgh at Little France,Trauma and Orthopaedic Surgery,Royal Infirmary of Edinburgh at Little France,Histopathology,St John's Hospital,General (Internal) Medicine,,,,,,,,,,
Scotland Deanery - South East Region - ScotS06,ScotS06001,F1,Royal Infirmary of Edinburgh at Little France,Acute Internal Medicine,Victoria Hospital,General (Internal) Medicine,Victoria Hospital,General Surgery,,,,,,,,,,
Scotland Deanery - South East Region - ScotS06,ScotS06002,F1,Victoria Hospital,General Surgery,Royal Infirmary of Edinburgh at Little France,Acute Internal Medicine,Victoria Hospital,General (Internal) Medicine,,,,,,,,,,
Scotland Deanery - South East Region - ScotS06,ScotS06003,F1,Victoria Hospital,General (Internal) Medicine,Victoria Hospital,General Surgery,Royal Infirmary of Edinburgh at Little France,Acute Internal Medicine,,,,,,,,,,
Scotland Deanery - South East Region - ScotS06,ScotS06004,F1,Victoria Hospital,General Surgery,Western General Hospital,General Surgery,Western General Hospital,Respiratory Medicine,,,,,,,,,,
Scotland Deanery - South East Region - ScotS06,ScotS06005,F1,Western General Hospital,Respiratory Medicine,Victoria Hospital,General Surgery,Western General Hospital,General Surgery,,,,,,,,,,
Scotland Deanery - South East Region - ScotS06,ScotS06006,F1,Western General Hospital,General Surgery,Western General Hospital,Respiratory Medicine,Victoria Hospital,General Surgery,,,,,,,,,,
Scotland Deanery - South East Region - ScotS06,ScotS06007,F1,St John's Hospital,General (Internal) Medicine,Royal Infirmary of Edinburgh at Little France,Trauma and Orthopaedic Surgery,Royal Infirmary of Edinburgh at Little France,General Surgery,,,,,,,,,,
Scotland Deanery - South East Region - ScotS06,ScotS06008,F1,Royal Infirmary of Edinburgh at Little France,General Surgery,St John's Hospital,General (Internal) Medicine,Royal Infirmary of Edinburgh at Little France,Trauma and Orthopaedic Surgery,,,,,,,,,,
Scotland Deanery - South East Region - ScotS06,ScotS06009,F1,Royal Infirmary of Edinburgh at Little France,Trauma and Orthopaedic Surgery,Royal Infirmary of Edinburgh at Little France,General Surgery,St John's Hospital,General (Internal) Medicine,,,,,,,,,,
Scotland Deanery - South East Region - ScotS06,ScotS06010,F1,Royal Infirmary of Edinburgh at Little France,Geriatric Medicine,Victoria Hospital,Anaesthetics,Victoria Hospital,General Surgery,,,,,,,,,,
Scotland Deanery - South East Region - ScotS06,ScotS06011,F1,Victoria Hospital,General Surgery,Royal Infirmary of Edinburgh at Little France,Geriatric Medicine,Victoria Hospital,Anaesthetics,,,,,,,,,,
Scotland Deanery - South East Region - ScotS06,ScotS06012,F1,Victoria Hospital,Anaesthetics,Victoria Hospital,General Surgery,Royal Infirmary of Edinburgh at Little France,Geriatric Medicine,,,,,,,,,,
Scotland Deanery - South East Region - ScotS07,ScotS07001,F1,Victoria Hospital,General (Internal) Medicine,Royal Infirmary of Edinburgh at Little France,General Surgery,Royal Infirmary of Edinburgh at Little France,Geriatric Medicine,,,,,,,,,,
Scotland Deanery - South East Region - ScotS07,ScotS07002,F1,Royal Infirmary of Edinburgh at Little France,Geriatric Medicine,Victoria Hospital,General (Internal) Medicine,Royal Infirmary of Edinburgh at Little France,General Surgery,,,,,,,,,,
Scotland Deanery - South East Region - ScotS07,ScotS07003,F1,Royal Infirmary of Edinburgh at Little France,General Surgery,Royal Infirmary of Edinburgh at Little France,Geriatric Medicine,Victoria Hospital,General (Internal) Medicine,,,,,,,,,,
Scotland Deanery - South East Region - ScotS07,ScotS07004,F1,St John's Hospital,General (Internal) Medicine,Royal Infirmary of Edinburgh at Little France,Trauma and Orthopaedic Surgery,Royal Infirmary of Edinburgh at Little France,Acute Internal Medicine,,,,,,,,,,
Scotland Deanery - South East Region - ScotS07,ScotS07005,F1,Royal Infirmary of Edinburgh at Little France,Acute Internal Medicine,St John's Hospital,General (Internal) Medicine,Royal Infirmary of Edinburgh at Little France,Trauma and Orthopaedic Surgery,,,,,,,,,,
Scotland Deanery - South East Region - ScotS07,ScotS07006,F1,Royal Infirmary of Edinburgh at Little France,Trauma and Orthopaedic Surgery,Royal Infirmary of Edinburgh at Little France,Acute Internal Medicine,St John's Hospital,General (Internal) Medicine,,,,,,,,,,
Scotland Deanery - South East Region - ScotS07,ScotS07007,F1,Borders General Hospital,General (Internal) Medicine,Royal Hospital for Children and Young People,Paediatric Surgery,Royal Infirmary of Edinburgh at Little France,Cardiology,,,,,,,,,,
Scotland Deanery - South East Region - ScotS07,ScotS07008,F1,Royal Infirmary of Edinburgh at Little France,Cardiology,Borders General Hospital,General (Internal) Medicine,Royal Hospital for Children and Young People,Paediatric Surgery,,,,,,,,,,
Scotland Deanery - South East Region - ScotS07,ScotS07009,F1,Royal Hospital for Children and Young People,Paediatric Surgery,Royal Infirmary of Edinburgh at Little France,Cardiology,Borders General Hospital,General (Internal) Medicine,,,,,,,,,,
Scotland Deanery - South East Region - ScotS07,ScotS07010,F1,Victoria Hospital,General Surgery,Royal Infirmary of Edinburgh at Little France,Gastroenterology,Royal Infirmary of Edinburgh at Little France,Acute Internal Medicine,,,,,,,,,,
Scotland Deanery - South East Region - ScotS07,ScotS07011,F1,Royal Infirmary of Edinburgh at Little France,Acute Internal Medicine,Victoria Hospital,General Surgery,Royal Infirmary of Edinburgh at Little France,Gastroenterology,,,,,,,,,,
Scotland Deanery - South East Region - ScotS07,ScotS07012,F1,Royal Infirmary of Edinburgh at Little France,Gastroenterology,Royal Infirmary of Edinburgh at Little France,Acute Internal Medicine,Victoria Hospital,General Surgery,,,,,,,,,,
Scotland Deanery - South East Region - ScotS07,ScotS07013,F1,St John's Hospital,Plastic Surgery,Royal Infirmary of Edinburgh at Little France,General Surgery,Royal Infirmary of Edinburgh at Little France,Acute Internal Medicine,,,,,,,,,,
Scotland Deanery - South East Region - ScotS07,ScotS07014,F1,Royal Infirmary of Edinburgh at Little France,Acute Internal Medicine,St John's Hospital,Plastic Surgery,Royal Infirmary of Edinburgh at Little France,General Surgery,,,,,,,,,,
Scotland Deanery - South East Region - ScotS07,ScotS07015,F1,Royal Infirmary of Edinburgh at Little France,General Surgery,Royal Infirmary of Edinburgh at Little France,Acute Internal Medicine,St John's Hospital,Plastic Surgery,,,,,,,,,,
Scotland Deanery - South East Region - ScotS08,ScotS08001,F1,Victoria Hospital,General Surgery,Royal Infirmary of Edinburgh at Little France,Acute Internal Medicine,Royal Infirmary of Edinburgh at Little France,Acute Internal Medicine,,,,,,,,,,
Scotland Deanery - South East Region - ScotS08,ScotS08002,F1,Royal Infirmary of Edinburgh at Little France,Acute Internal Medicine,Victoria Hospital,General Surgery,Royal Infirmary of Edinburgh at Little France,Acute Internal Medicine,,,,,,,,,,
Scotland Deanery - South East Region - ScotS08,ScotS08003,F1,Royal Infirmary of Edinburgh at Little France,Acute Internal Medicine,Royal Infirmary of Edinburgh at Little France,Acute Internal Medicine,Victoria Hospital,General Surgery,,,,,,,,,,
Scotland Deanery - South East Region - ScotS08,ScotS08004,F1,Victoria Hospital,General Surgery,Royal Infirmary of Edinburgh at Little France,Geriatric Medicine,Royal Infirmary of Edinburgh at Little France,Respiratory Medicine,,,,,,,,,,
Scotland Deanery - South East Region - ScotS08,ScotS08005,F1,Royal Infirmary of Edinburgh at Little France,Respiratory Medicine,Victoria Hospital,General Surgery,Royal Infirmary of Edinburgh at Little France,Geriatric Medicine,,,,,,,,,,
Scotland Deanery - South East Region - ScotS08,ScotS08006,F1,Royal Infirmary of Edinburgh at Little France,Geriatric Medicine,Royal Infirmary of Edinburgh at Little France,Respiratory Medicine,Victoria Hospital,General Surgery,,,,,,,,,,
Scotland Deanery - South East Region - ScotS08,ScotS08007,F1,Victoria Hospital,General Surgery,Royal Infirmary of Edinburgh at Little France,Geriatric Medicine,Royal Infirmary of Edinburgh at Little France,Renal Medicine,,,,,,,,,,
Scotland Deanery - South East Region - ScotS08,ScotS08008,F1,Royal Infirmary of Edinburgh at Little France,Renal Medicine,Victoria Hospital,General Surgery,Royal Infirmary of Edinburgh at Little France,Geriatric Medicine,,,,,,,,,,
Scotland Deanery - South East Region - ScotS08,ScotS08009,F1,Royal Infirmary of Edinburgh at Little France,Geriatric Medicine,Royal Infirmary of Edinburgh at Little France,Renal Medicine,Victoria Hospital,General Surgery,,,,,,,,,,
Scotland Deanery - South East Region - ScotS08,ScotS08010,F1,Victoria Hospital,General (Internal) Medicine,Victoria Hospital,General Surgery,Royal Infirmary of Edinburgh at Little France,General Psychiatry,,,,,,,,,,
Scotland Deanery - South East Region - ScotS08,ScotS08011,F1,Royal Infirmary of Edinburgh at Little France,General Psychiatry,Victoria Hospital,General (Internal) Medicine,Victoria Hospital,General Surgery,,,,,,,,,,
Scotland Deanery - South East Region - ScotS08,ScotS08012,F1,Victoria Hospital,General Surgery,Royal Infirmary of Edinburgh at Little France,General Psychiatry,Victoria Hospital,General (Internal) Medicine,,,,,,,,,,
Scotland Deanery - South East Region - ScotS09,ScotS09001,F1,St John's Hospital,General (Internal) Medicine,Western General Hospital,General Surgery,Western General Hospital,Urology,,,,,,,,,,
Scotland Deanery - South East Region - ScotS09,ScotS09002,F1,Western General Hospital,Urology,St John's Hospital,General (Internal) Medicine,Western General Hospital,General Surgery,,,,,,,,,,
Scotland Deanery - South East Region - ScotS09,ScotS09003,F1,Western General Hospital,General Surgery,Western General Hospital,Urology,St John's Hospital,General (Internal) Medicine,,,,,,,,,,
Scotland Deanery - South East Region - ScotS09,ScotS09004,F1,Victoria Hospital,General (Internal) Medicine,Western General Hospital,General Surgery,Victoria Hospital,General (Internal) Medicine,,,,,,,,,,
Scotland Deanery - South East Region - ScotS09,ScotS09005,F1,Victoria Hospital,General (Internal) Medicine,Victoria Hospital,General (Internal) Medicine,Western General Hospital,General Surgery,,,,,,,,,,
Scotland Deanery - South East Region - ScotS09,ScotS09006,F1,Western General Hospital,General Surgery,Victoria Hospital,General (Internal) Medicine,Victoria Hospital,General (Internal) Medicine,,,,,,,,,,
Scotland Deanery - South East Region - ScotS09,ScotS09007,F1,Victoria Hospital,General (Internal) Medicine,Western General Hospital,General Surgery,Victoria Hospital,General (Internal) Medicine,,,,,,,,,,
Scotland Deanery - South East Region - ScotS09,ScotS09008,F1,Victoria Hospital,General (Internal) Medicine,Victoria Hospital,General (Internal) Medicine,Western General Hospital,General Surgery,,,,,,,,,,
Scotland Deanery - South East Region - ScotS09,ScotS09009,F1,Western General Hospital,General Surgery,Victoria Hospital,General (Internal) Medicine,Victoria Hospital,General (Internal) Medicine,,,,,,,,,,
Scotland Deanery - South East Region - ScotS09,ScotS09010,F1,Western General Hospital,Geriatric Medicine,Victoria Hospital,General Surgery,Western General Hospital,General (Internal) Medicine,,,,,,,,,,
Scotland Deanery - South East Region - ScotS09,ScotS09011,F1,Western General Hospital,General (Internal) Medicine,Western General Hospital,Geriatric Medicine,Victoria Hospital,General Surgery,,,,,,,,,,
Scotland Deanery - South East Region - ScotS09,ScotS09012,F1,Victoria Hospital,General Surgery,Western General Hospital,General (Internal) Medicine,Western General Hospital,Geriatric Medicine,,,,,,,,,,
Scotland Deanery - South East Region - ScotS09,ScotS09013,F1,Western General Hospital,Respiratory Medicine,Victoria Hospital,General Surgery,Western General Hospital,Medical Oncology,,,,,,,,,,
Scotland Deanery - South East Region - ScotS09,ScotS09014,F1,Western General Hospital,Medical Oncology,Western General Hospital,Respiratory Medicine,Victoria Hospital,General Surgery,,,,,,,,,,
Scotland Deanery - South East Region - ScotS09,ScotS09015,F1,Victoria Hospital,General Surgery,Western General Hospital,Medical Oncology,Western General Hospital,Respiratory Medicine,,,,,,,,,,
Scotland Deanery - South East Region - ScotS10,ScotS10001,F1,St John's Hospital,General (Internal) Medicine,Royal Infirmary of Edinburgh at Little France,General Surgery,Royal Infirmary of Edinburgh at Little France,General Surgery,,,,,,,,,,
Scotland Deanery - South East Region - ScotS10,ScotS10002,F1,Royal Infirmary of Edinburgh at Little France,General Surgery,St John's Hospital,General (Internal) Medicine,Royal Infirmary of Edinburgh at Little France,General Surgery,,,,,,,,,,
Scotland Deanery - South East Region - ScotS10,ScotS10003,F1,Royal Infirmary of Edinburgh at Little France,General Surgery,Royal Infirmary of Edinburgh at Little France,General Surgery,St John's Hospital,General (Internal) Medicine,,,,,,,,,,
Scotland Deanery - South East Region - ScotS10,ScotS10004,F1,Royal Infirmary of Edinburgh at Little France,Geriatric Medicine,Royal Infirmary of Edinburgh at Little France,Vascular Surgery,Borders General Hospital,General (Internal) Medicine,,,,,,,,,,
Scotland Deanery - South East Region - ScotS10,ScotS10005,F1,Borders General Hospital,General (Internal) Medicine,Royal Infirmary of Edinburgh at Little France,Geriatric Medicine,Royal Infirmary of Edinburgh at Little France,Vascular Surgery,,,,,,,,,,
Scotland Deanery - South East Region - ScotS10,ScotS10006,F1,Royal Infirmary of Edinburgh at Little France,Vascular Surgery,Borders General Hospital,General (Internal) Medicine,Royal Infirmary of Edinburgh at Little France,Geriatric Medicine,,,,,,,,,,
Scotland Deanery - South East Region - ScotS10,ScotS10007,F1,St John's Hospital,General (Internal) Medicine,Royal Infirmary of Edinburgh at Little France,Trauma and Orthopaedic Surgery,Royal Infirmary of Edinburgh at Little France,Respiratory Medicine,,,,,,,,,,
Scotland Deanery - South East Region - ScotS10,ScotS10008,F1,Royal Infirmary of Edinburgh at Little France,Respiratory Medicine,St John's Hospital,General (Internal) Medicine,Royal Infirmary of Edinburgh at Little France,Trauma and Orthopaedic Surgery,,,,,,,,,,
Scotland Deanery - South East Region - ScotS10,ScotS10009,F1,Royal Infirmary of Edinburgh at Little France,Trauma and Orthopaedic Surgery,Royal Infirmary of Edinburgh at Little France,Respiratory Medicine,St John's Hospital,General (Internal) Medicine,,,,,,,,,,
Scotland Deanery - South East Region - ScotS10,ScotS10010,F1,Royal Infirmary of Edinburgh at Little France,Geriatric Medicine,Borders General Hospital,General Surgery,Royal Infirmary of Edinburgh at Little France,Acute Internal Medicine,,,,,,,,,,
Scotland Deanery - South East Region - ScotS10,ScotS10011,F1,Royal Infirmary of Edinburgh at Little France,Acute Internal Medicine,Royal Infirmary of Edinburgh at Little France,Geriatric Medicine,Borders General Hospital,General Surgery,,,,,,,,,,
Scotland Deanery - South East Region - ScotS10,ScotS10012,F1,Borders General Hospital,General Surgery,Royal Infirmary of Edinburgh at Little France,Acute Internal Medicine,Royal Infirmary of Edinburgh at Little France,Geriatric Medicine,,,,,,,,,,
Scotland Deanery - South East Region - ScotS10,ScotS10013,F1,Western General Hospital,General (Internal) Medicine,Western General Hospital,General Surgery,Victoria Hospital,General (Internal) Medicine,,,,,,,,,,
Scotland Deanery - South East Region - ScotS10,ScotS10014,F1,Victoria Hospital,General (Internal) Medicine,Western General Hospital,General (Internal) Medicine,Western General Hospital,General Surgery,,,,,,,,,,
Scotland Deanery - South East Region - ScotS10,ScotS10015,F1,Western General Hospital,General Surgery,Victoria Hospital,General (Internal) Medicine,Western General Hospital,General (Internal) Medicine,,,,,,,,,,
Scotland Deanery - South East Region - ScotS11,ScotS11001,F1,Borders General Hospital,General (Internal) Medicine,Royal Infirmary of Edinburgh at Little France,Trauma and Orthopaedic Surgery,Royal Infirmary of Edinburgh at Little France,Gastroenterology,,,,,,,,,,
Scotland Deanery - South East Region - ScotS11,ScotS11002,F1,Royal Infirmary of Edinburgh at Little France,Gastroenterology,Borders General Hospital,General (Internal) Medicine,Royal Infirmary of Edinburgh at Little France,Trauma and Orthopaedic Surgery,,,,,,,,,,
Scotland Deanery - South East Region - ScotS11,ScotS11003,F1,Royal Infirmary of Edinburgh at Little France,Trauma and Orthopaedic Surgery,Royal Infirmary of Edinburgh at Little France,Gastroenterology,Borders General Hospital,General (Internal) Medicine,,,,,,,,,,
Scotland Deanery - South East Region - ScotS11,ScotS11004,F1,St John's Hospital,General (Internal) Medicine,Royal Infirmary of Edinburgh at Little France,General Surgery,Royal Infirmary of Edinburgh at Little France,General Surgery,,,,,,,,,,
Scotland Deanery - South East Region - ScotS11,ScotS11005,F1,Royal Infirmary of Edinburgh at Little France,General Surgery,St John's Hospital,General (Internal) Medicine,Royal Infirmary of Edinburgh at Little France,General Surgery,,,,,,,,,,
Scotland Deanery - South East Region - ScotS11,ScotS11006,F1,Royal Infirmary of Edinburgh at Little France,General (Internal) Medicine,Royal Infirmary of Edinburgh at Little France,General Surgery,St John's Hospital,General (Internal) Medicine,,,,,,,,,,
Scotland Deanery - South East Region - ScotS11,ScotS11007,F1,St John's Hospital,General (Internal) Medicine,Royal Infirmary of Edinburgh at Little France,Renal Medicine,Royal Infirmary of Edinburgh at Little France,Cardio-thoracic surgery,,,,,,,,,,
Scotland Deanery - South East Region - ScotS11,ScotS11008,F1,Royal Infirmary of Edinburgh at Little France,Cardio-thoracic surgery,St John's Hospital,General (Internal) Medicine,Royal Infirmary of Edinburgh at Little France,Renal Medicine,,,,,,,,,,
Scotland Deanery - South East Region - ScotS11,ScotS11009,F1,Royal Infirmary of Edinburgh at Little France,Renal Medicine,Royal Infirmary of Edinburgh at Little France,Cardio-thoracic surgery,St John's Hospital,General (Internal) Medicine,,,,,,,,,,
Scotland Deanery - South East Region - ScotS11,ScotS11010,F1,Royal Infirmary of Edinburgh at Little France,Geriatric Medicine,Royal Infirmary of Edinburgh at Little France,Acute Internal Medicine,St John's Hospital,Plastic Surgery,,,,,,,,,,
Scotland Deanery - South East Region - ScotS11,ScotS11011,F1,St John's Hospital,Plastic Surgery,Royal Infirmary of Edinburgh at Little France,Geriatric Medicine,Royal Infirmary of Edinburgh at Little France,Acute Internal Medicine,,,,,,,,,,
Scotland Deanery - South East Region - ScotS11,ScotS11012,F1,Royal Infirmary of Edinburgh at Little France,Acute Internal Medicine,St John's Hospital,Plastic Surgery,Royal Infirmary of Edinburgh at Little France,Geriatric Medicine,,,,,,,,,,
Scotland Deanery - South East Region - ScotS11,ScotS11013,F1,St John's Hospital,Anaesthetics,Royal Infirmary of Edinburgh at Little France,Respiratory Medicine,Royal Infirmary of Edinburgh at Little France,Vascular Surgery,,,,,,,,,,
Scotland Deanery - South East Region - ScotS11,ScotS11014,F1,Royal Infirmary of Edinburgh at Little France,Vascular Surgery,St John's Hospital,Anaesthetics,Royal Infirmary of Edinburgh at Little France,Respiratory Medicine,,,,,,,,,,
Scotland Deanery - South East Region - ScotS11,ScotS11015,F1,Royal Infirmary of Edinburgh at Little France,Respiratory Medicine,Royal Infirmary of Edinburgh at Little France,Vascular Surgery,St John's Hospital,Anaesthetics,,,,,,,,,,
Scotland Deanery - South East Region - ScotS12,ScotS12001,F1,Western General Hospital,General Surgery,Borders General Hospital,General (Internal) Medicine,Western General Hospital,Respiratory Medicine,,,,,,,,,,
Scotland Deanery - South East Region - ScotS12,ScotS12002,F1,Western General Hospital,Respiratory Medicine,Western General Hospital,General Surgery,Borders General Hospital,General (Internal) Medicine,,,,,,,,,,
Scotland Deanery - South East Region - ScotS12,ScotS12003,F1,Borders General Hospital,General (Internal) Medicine,Western General Hospital,Respiratory Medicine,Western General Hospital,General Surgery,,,,,,,,,,
Scotland Deanery - South East Region - ScotS12,ScotS12004,F1,Royal Infirmary of Edinburgh at Little France,Acute Internal Medicine,St John's Hospital,Plastic Surgery,St John's Hospital,General Psychiatry,,,,,,,,,,
Scotland Deanery - South East Region - ScotS12,ScotS12005,F1,St John's Hospital,General Psychiatry,Royal Infirmary of Edinburgh at Little France,Acute Internal Medicine,St John's Hospital,Plastic Surgery,,,,,,,,,,
Scotland Deanery - South East Region - ScotS12,ScotS12006,F1,St John's Hospital,Plastic Surgery,St John's Hospital,General Psychiatry,Royal Infirmary of Edinburgh at Little France,Acute Internal Medicine,,,,,,,,,,
Scotland Deanery - South East Region - ScotS12,ScotS12007,F1,Royal Infirmary of Edinburgh at Little France,General Surgery,Royal Hospital for Children and Young People,Paediatric Surgery,Victoria Hospital,General (Internal) Medicine,,,,,,,,,,
Scotland Deanery - South East Region - ScotS12,ScotS12008,F1,Victoria Hospital,General (Internal) Medicine,Royal Infirmary of Edinburgh at Little France,General Surgery,Royal Hospital for Children and Young People,Paediatric Surgery,,,,,,,,,,
Scotland Deanery - South East Region - ScotS12,ScotS12009,F1,Royal Hospital for Children and Young People,Paediatric Surgery,Victoria Hospital,General (Internal) Medicine,Royal Infirmary of Edinburgh at Little France,General Surgery,,,,,,,,,,
Scotland Deanery - South East Region - ScotS12,ScotS12010,F1,Western General Hospital,General (Internal) Medicine,Western General Hospital,General Surgery,Victoria Hospital,General (Internal) Medicine,,,,,,,,,,
Scotland Deanery - South East Region - ScotS12,ScotS12011,F1,Victoria Hospital,General (Internal) Medicine,Western General Hospital,General (Internal) Medicine,Western General Hospital,General Surgery,,,,,,,,,,
Scotland Deanery - South East Region - ScotS12,ScotS12012,F1,Western General Hospital,General Surgery,Victoria Hospital,General (Internal) Medicine,Western General Hospital,General (Internal) Medicine,,,,,,,,,,
Scotland Deanery - South East Region - ScotS12,ScotS12013,F1,St John's Hospital,General (Internal) Medicine,St John's Hospital,Plastic Surgery,Borders General Hospital,General (Internal) Medicine,,,,,,,,,,
Scotland Deanery - South East Region - ScotS12,ScotS12014,F1,Borders General Hospital,General (Internal) Medicine,St John's Hospital,General (Internal) Medicine,St John's Hospital,Plastic Surgery,,,,,,,,,,
Scotland Deanery - South East Region - ScotS12,ScotS12015,F1,St John's Hospital,Plastic Surgery,Borders General Hospital,General (Internal) Medicine,St John's Hospital,General (Internal) Medicine,,,,,,,,,,
Scotland Deanery - South East Region - ScotS13,ScotS13001,F1,Victoria Hospital,General (Internal) Medicine,St John's Hospital,Plastic Surgery,Western General Hospital,Geriatric Medicine,,,,,,,,,,
Scotland Deanery - South East Region - ScotS13,ScotS13002,F1,Western General Hospital,Geriatric Medicine,Victoria Hospital,General (Internal) Medicine,St John's Hospital,Plastic Surgery,,,,,,,,,,
Scotland Deanery - South East Region - ScotS13,ScotS13003,F1,St John's Hospital,Plastic Surgery,Western General Hospital,Geriatric Medicine,Victoria Hospital,General (Internal) Medicine,,,,,,,,,,
Scotland Deanery - South East Region - ScotS13,ScotS13004,F1,Royal Infirmary of Edinburgh at Little France,Acute Internal Medicine,St John's Hospital,Plastic Surgery,St John's Hospital,General (Internal) Medicine,,,,,,,,,,
Scotland Deanery - South East Region - ScotS13,ScotS13005,F1,St John's Hospital,General (Internal) Medicine,Royal Infirmary of Edinburgh at Little France,Acute Internal Medicine,St John's Hospital,Plastic Surgery,,,,,,,,,,
Scotland Deanery - South East Region - ScotS13,ScotS13006,F1,St John's Hospital,Plastic Surgery,St John's Hospital,General (Internal) Medicine,Royal Infirmary of Edinburgh at Little France,Acute Internal Medicine,,,,,,,,,,
Scotland Deanery - South East Region - ScotS13,ScotS13007,F1,Borders General Hospital,General (Internal) Medicine,Royal Infirmary of Edinburgh at Little France,Acute Internal Medicine,Royal Infirmary of Edinburgh at Little France,Trauma and Orthopaedic Surgery,,,,,,,,,,
Scotland Deanery - South East Region - ScotS13,ScotS13008,F1,Royal Infirmary of Edinburgh at Little France,Trauma and Orthopaedic Surgery,Borders General Hospital,General (Internal) Medicine,Royal Infirmary of Edinburgh at Little France,Acute Internal Medicine,,,,,,,,,,
Scotland Deanery - South East Region - ScotS13,ScotS13009,F1,Royal Infirmary of Edinburgh at Little France,Acute Internal Medicine,Royal Infirmary of Edinburgh at Little France,Trauma and Orthopaedic Surgery,Borders General Hospital,General (Internal) Medicine,,,,,,,,,,
Scotland Deanery - South East Region - ScotS13,ScotS13010,F1,Victoria Hospital,General (Internal) Medicine,Victoria Hospital,General Surgery,Royal Infirmary of Edinburgh at Little France,Cardio-thoracic surgery,,,,,,,,,,
Scotland Deanery - South East Region - ScotS13,ScotS13011,F1,Royal Infirmary of Edinburgh at Little France,Cardio-thoracic surgery,Victoria Hospital,General (Internal) Medicine,Victoria Hospital,General Surgery,,,,,,,,,,
Scotland Deanery - South East Region - ScotS13,ScotS13012,F1,Victoria Hospital,General Surgery,Royal Infirmary of Edinburgh at Little France,Cardio-thoracic surgery,Victoria Hospital,General (Internal) Medicine,,,,,,,,,,
Scotland Deanery - South East Region - ScotS13,ScotS13013,F1,Royal Hospital for Children and Young People,Paediatrics,Victoria Hospital,General Surgery,Victoria Hospital,General (Internal) Medicine,,,,,,,,,,
Scotland Deanery - South East Region - ScotS13,ScotS13014,F1,Victoria Hospital,General (Internal) Medicine,Royal Hospital for Children and Young People,Paediatrics,Victoria Hospital,General Surgery,,,,,,,,,,
Scotland Deanery - South East Region - ScotS13,ScotS13015,F1,Victoria Hospital,General Surgery,Victoria Hospital,General (Internal) Medicine,Royal Hospital for Children and Young People,Paediatrics,,,,,,,,,,
Scotland Deanery - South East Region - ScotS14,ScotS14001,F1,Victoria Hospital,General (Internal) Medicine,Western General Hospital,General Surgery,Western General Hospital,General (Internal) Medicine,,,,,,,,,,
Scotland Deanery - South East Region - ScotS14,ScotS14002,F1,Western General Hospital,General (Internal) Medicine,Victoria Hospital,General (Internal) Medicine,Western General Hospital,General Surgery,,,,,,,,,,
Scotland Deanery - South East Region - ScotS14,ScotS14003,F1,Western General Hospital,General Surgery,Western General Hospital,General (Internal) Medicine,Victoria Hospital,General (Internal) Medicine,,,,,,,,,,
Scotland Deanery - South East Region - ScotS14,ScotS14004,F1,Royal Infirmary of Edinburgh at Little France,Acute Internal Medicine,Western General Hospital,Urology,Royal Hospital for Children and Young People,Paediatrics,,,,,,,,,,
Scotland Deanery - South East Region - ScotS14,ScotS14005,F1,Royal Hospital for Children and Young People,Paediatrics,Royal Infirmary of Edinburgh at Little France,Acute Internal Medicine,Western General Hospital,Urology,,,,,,,,,,
Scotland Deanery - South East Region - ScotS14,ScotS14006,F1,Western General Hospital,Urology,Royal Hospital for Children and Young People,Paediatrics,Royal Infirmary of Edinburgh at Little France,Acute Internal Medicine,,,,,,,,,,
Scotland Deanery - South East Region - ScotS14,ScotS14007,F1,Borders General Hospital,General (Internal) Medicine,Western General Hospital,Urology,Western General Hospital,General Surgery,,,,,,,,,,
Scotland Deanery - South East Region - ScotS14,ScotS14008,F1,Western General Hospital,General Surgery,Borders General Hospital,General (Internal) Medicine,Western General Hospital,Urology,,,,,,,,,,
Scotland Deanery - South East Region - ScotS14,ScotS14009,F1,Western General Hospital,Urology,Western General Hospital,General Surgery,Borders General Hospital,General (Internal) Medicine,,,,,,,,,,
Scotland Deanery - South East Region - ScotS14,ScotS14010,F1,St John's Hospital,General (Internal) Medicine,Royal Infirmary of Edinburgh at Little France,Vascular Surgery,St John's Hospital,General (Internal) Medicine,,,,,,,,,,
Scotland Deanery - South East Region - ScotS14,ScotS14011,F1,St John's Hospital,General (Internal) Medicine,St John's Hospital,General (Internal) Medicine,Royal Infirmary of Edinburgh at Little France,Vascular Surgery,,,,,,,,,,
Scotland Deanery - South East Region - ScotS14,ScotS14012,F1,Royal Infirmary of Edinburgh at Little France,Vascular Surgery,St John's Hospital,General (Internal) Medicine,St John's Hospital,General (Internal) Medicine,,,,,,,,,,
Scotland Deanery - South East Region - ScotS14,ScotS14013,F1,Royal Infirmary of Edinburgh at Little France,General Surgery,Borders General Hospital,General (Internal) Medicine,Royal Infirmary of Edinburgh at Little France,Cardio-thoracic surgery,,,,,,,,,,
Scotland Deanery - South East Region - ScotS14,ScotS14014,F1,Royal Infirmary of Edinburgh at Little France,Cardio-thoracic surgery,Royal Infirmary of Edinburgh at Little France,General Surgery,Borders General Hospital,General (Internal) Medicine,,,,,,,,,,
Scotland Deanery - South East Region - ScotS14,ScotS14015,F1,Borders General Hospital,General (Internal) Medicine,Royal Infirmary of Edinburgh at Little France,Cardio-thoracic surgery,Royal Infirmary of Edinburgh at Little France,General Surgery,,,,,,,,,,
Scotland Deanery - South East Region - ScotS15,ScotS15001,F1,Royal Infirmary of Edinburgh at Little France,Neurology,Borders General Hospital,General Surgery,Royal Infirmary of Edinburgh at Little France,Acute Internal Medicine,,,,,,,,,,
Scotland Deanery - South East Region - ScotS15,ScotS15002,F1,Royal Infirmary of Edinburgh at Little France,Acute Internal Medicine,Royal Infirmary of Edinburgh at Little France,Neurology,Borders General Hospital,General Surgery,,,,,,,,,,
Scotland Deanery - South East Region - ScotS15,ScotS15003,F1,Borders General Hospital,General Surgery,Royal Infirmary of Edinburgh at Little France,Acute Internal Medicine,Royal Infirmary of Edinburgh at Little France,Neurology,,,,,,,,,,
Scotland Deanery - South East Region - ScotS15,ScotS15004,F1,Borders General Hospital,General (Internal) Medicine,Royal Infirmary of Edinburgh at Little France,General Surgery,Borders General Hospital,General (Internal) Medicine,,,,,,,,,,
Scotland Deanery - South East Region - ScotS15,ScotS15005,F1,Borders General Hospital,General (Internal) Medicine,Borders General Hospital,General (Internal) Medicine,Royal Infirmary of Edinburgh at Little France,General Surgery,,,,,,,,,,
Scotland Deanery - South East Region - ScotS15,ScotS15006,F1,Royal Infirmary of Edinburgh at Little France,General Surgery,Borders General Hospital,General (Internal) Medicine,Borders General Hospital,General (Internal) Medicine,,,,,,,,,,
Scotland Deanery - South East Region - ScotS15,ScotS15007,F1,Victoria Hospital,General (Internal) Medicine,Victoria Hospital,General Surgery,Western General Hospital,General (Internal) Medicine,,,,,,,,,,
Scotland Deanery - South East Region - ScotS15,ScotS15008,F1,Western General Hospital,General (Internal) Medicine,Victoria Hospital,General (Internal) Medicine,Victoria Hospital,General Surgery,,,,,,,,,,
Scotland Deanery - South East Region - ScotS15,ScotS15009,F1,Victoria Hospital,General Surgery,Western General Hospital,General (Internal) Medicine,Victoria Hospital,General (Internal) Medicine,,,,,,,,,,
Scotland Deanery - South East Region - ScotS15,ScotS15010,F1,Victoria Hospital,General (Internal) Medicine,Western General Hospital,Urology,St John's Hospital,General (Internal) Medicine,,,,,,,,,,
Scotland Deanery - South East Region - ScotS15,ScotS15011,F1,St John's Hospital,General (Internal) Medicine,Victoria Hospital,General (Internal) Medicine,Western General Hospital,Urology,,,,,,,,,,
Scotland Deanery - South East Region - ScotS15,ScotS15012,F1,Western General Hospital,Urology,St John's Hospital,General (Internal) Medicine,Victoria Hospital,General (Internal) Medicine,,,,,,,,,,
Scotland Deanery - South East Region - ScotS15,ScotS15013,F1,Royal Infirmary of Edinburgh at Little France,Acute Internal Medicine,Victoria Hospital,General Surgery,Royal Infirmary of Edinburgh at Little France,Vascular Surgery,,,,,,,,,,
Scotland Deanery - South East Region - ScotS15,ScotS15014,F1,Royal Infirmary of Edinburgh at Little France,Vascular Surgery,Royal Infirmary of Edinburgh at Little France,Acute Internal Medicine,Victoria Hospital,General Surgery,,,,,,,,,,
Scotland Deanery - South East Region - ScotS15,ScotS15015,F1,Victoria Hospital,General Surgery,Royal Infirmary of Edinburgh at Little France,Vascular Surgery,Royal Infirmary of Edinburgh at Little France,Acute Internal Medicine,,,,,,,,,,
Scotland Deanery - South East Region - ScotS16,ScotS16001,F1,Victoria Hospital,General (Internal) Medicine,Royal Infirmary of Edinburgh at Little France,Neurosurgery,Royal Infirmary of Edinburgh at Little France,Respiratory Medicine,,,,,,,,,,
Scotland Deanery - South East Region - ScotS16,ScotS16002,F1,Royal Infirmary of Edinburgh at Little France,Respiratory Medicine,Victoria Hospital,General (Internal) Medicine,Royal Infirmary of Edinburgh at Little France,Neurosurgery,,,,,,,,,,
Scotland Deanery - South East Region - ScotS16,ScotS16003,F1,Royal Infirmary of Edinburgh at Little France,Neurosurgery,Royal Infirmary of Edinburgh at Little France,Respiratory Medicine,Victoria Hospital,General (Internal) Medicine,,,,,,,,,,
Scotland Deanery - South East Region - ScotS16,ScotS16004,F1,Victoria Hospital,General (Internal) Medicine,Victoria Hospital,General Surgery,Western General Hospital,Gastroenterology,,,,,,,,,,
Scotland Deanery - South East Region - ScotS16,ScotS16005,F1,Western General Hospital,Gastroenterology,Victoria Hospital,General (Internal) Medicine,Victoria Hospital,General Surgery,,,,,,,,,,
Scotland Deanery - South East Region - ScotS16,ScotS16006,F1,Victoria Hospital,General Surgery,Western General Hospital,Gastroenterology,Victoria Hospital,General (Internal) Medicine,,,,,,,,,,
Scotland Deanery - South East Region - ScotS16,ScotS16007,F1,Victoria Hospital,General (Internal) Medicine,Royal Infirmary of Edinburgh at Little France,Trauma and Orthopaedic Surgery,Royal Infirmary of Edinburgh at Little France,Neurology,,,,,,,,,,
Scotland Deanery - South East Region - ScotS16,ScotS16008,F1,Royal Infirmary of Edinburgh at Little France,Neurology,Victoria Hospital,General (Internal) Medicine,Royal Infirmary of Edinburgh at Little France,Trauma and Orthopaedic Surgery,,,,,,,,,,
Scotland Deanery - South East Region - ScotS16,ScotS16009,F1,Royal Infirmary of Edinburgh at Little France,Trauma and Orthopaedic Surgery,Royal Infirmary of Edinburgh at Little France,Neurology,Victoria Hospital,General (Internal) Medicine,,,,,,,,,,
Scotland Deanery - South East Region - ScotS16,ScotS16010,F1,Victoria Hospital,General Surgery,Victoria Hospital,Anaesthetics,Western General Hospital,General (Internal) Medicine,,,,,,,,,,
Scotland Deanery - South East Region - ScotS16,ScotS16011,F1,Western General Hospital,General (Internal) Medicine,Victoria Hospital,General Surgery,Victoria Hospital,Anaesthetics,,,,,,,,,,
Scotland Deanery - South East Region - ScotS16,ScotS16012,F1,Victoria Hospital,Anaesthetics,Western General Hospital,General (Internal) Medicine,Victoria Hospital,General Surgery,,,,,,,,,,
Scotland Deanery - South East Region - ScotS16,ScotS16013,F1,Royal Infirmary of Edinburgh at Little France,Vascular Surgery,Royal Infirmary of Edinburgh at Little France,Acute Internal Medicine,Victoria Hospital,General (Internal) Medicine,,,,,,,,,,
Scotland Deanery - South East Region - ScotS16,ScotS16014,F1,Victoria Hospital,General (Internal) Medicine,Royal Infirmary of Edinburgh at Little France,Vascular Surgery,Royal Infirmary of Edinburgh at Little France,Acute Internal Medicine,,,,,,,,,,
Scotland Deanery - South East Region - ScotS16,ScotS16015,F1,Royal Infirmary of Edinburgh at Little France,Acute Internal Medicine,Victoria Hospital,General (Internal) Medicine,Royal Infirmary of Edinburgh at Little France,Vascular Surgery,,,,,,,,,,
Scotland Deanery - South East Region - ScotS17,ScotS17001,F1,Victoria Hospital,General (Internal) Medicine,St John's Hospital,Plastic Surgery,Royal Infirmary of Edinburgh at Little France,Cardiology,,,,,,,,,,
Scotland Deanery - South East Region - ScotS17,ScotS17002,F1,Royal Infirmary of Edinburgh at Little France,Cardiology,Victoria Hospital,General (Internal) Medicine,St John's Hospital,Plastic Surgery,,,,,,,,,,
Scotland Deanery - South East Region - ScotS17,ScotS17003,F1,St John's Hospital,Plastic Surgery,Royal Infirmary of Edinburgh at Little France,Cardiology,Victoria Hospital,General (Internal) Medicine,,,,,,,,,,
Scotland Deanery - South East Region - ScotS17,ScotS17004,F1,Royal Infirmary of Edinburgh at Little France,Neurology,Victoria Hospital,General (Internal) Medicine,Victoria Hospital,General Surgery,,,,,,,,,,
Scotland Deanery - South East Region - ScotS17,ScotS17005,F1,Victoria Hospital,General Surgery,Royal Infirmary of Edinburgh at Little France,Neurology,Victoria Hospital,General (Internal) Medicine,,,,,,,,,,
Scotland Deanery - South East Region - ScotS17,ScotS17006,F1,Victoria Hospital,General (Internal) Medicine,Victoria Hospital,General Surgery,Royal Infirmary of Edinburgh at Little France,Neurology,,,,,,,,,,
Scotland Deanery - South East Region - ScotS17,ScotS17007,F1,Borders General Hospital,General Surgery,Western General Hospital,Haematology,Western General Hospital,Geriatric Medicine,,,,,,,,,,
Scotland Deanery - South East Region - ScotS17,ScotS17008,F1,Western General Hospital,Geriatric Medicine,Borders General Hospital,General Surgery,Western General Hospital,Haematology,,,,,,,,,,
Scotland Deanery - South East Region - ScotS17,ScotS17009,F1,Western General Hospital,Haematology,Western General Hospital,Geriatric Medicine,Borders General Hospital,General Surgery,,,,,,,,,,
Scotland Deanery - South East Region - ScotS17,ScotS17010,F1,Borders General Hospital,Anaesthetics,Western General Hospital,General (Internal) Medicine,Borders General Hospital,General Surgery,,,,,,,,,,
Scotland Deanery - South East Region - ScotS17,ScotS17011,F1,Borders General Hospital,General Surgery,Borders General Hospital,Anaesthetics,Western General Hospital,General (Internal) Medicine,,,,,,,,,,
Scotland Deanery - South East Region - ScotS17,ScotS17012,F1,Western General Hospital,General (Internal) Medicine,Borders General Hospital,General Surgery,Borders General Hospital,Anaesthetics,,,,,,,,,,
Scotland Deanery - South East Region - ScotS17,ScotS17013,F1,St John's Hospital,General (Internal) Medicine,Victoria Hospital,General Surgery,Victoria Hospital,Paediatrics,,,,,,,,,,
Scotland Deanery - South East Region - ScotS17,ScotS17014,F1,Victoria Hospital,General Surgery,St John's Hospital,General (Internal) Medicine,Victoria Hospital,General Surgery,,,,,,,,,,
Scotland Deanery - South East Region - ScotS17,ScotS17015,F1,Victoria Hospital,Paediatrics,Victoria Hospital,Paediatrics,St John's Hospital,General (Internal) Medicine,,,,,,,,,,
Scotland Deanery - South East Region - ScotS18,ScotS18001,F1,St John's Hospital,General (Internal) Medicine,St John's Hospital,General (Internal) Medicine,Royal Infirmary of Edinburgh at Little France,General Surgery,F2,Royal Infirmary of Edinburgh at Little France,General Surgery,,Victoria Hospital,Emergency Medicine,,Victoria Hospital,Emergency Medicine,
Scotland Deanery - South East Region - ScotS18,ScotS18002,F1,Victoria Hospital,Emergency Medicine,Victoria Hospital,Emergency Medicine,St John's Hospital,General (Internal) Medicine,F2,St John's Hospital,General (Internal) Medicine,,Royal Infirmary of Edinburgh at Little France,General Surgery,,Royal Infirmary of Edinburgh at Little France,General Surgery,
Scotland Deanery - South East Region - ScotS18,ScotS18003,F1,Royal Infirmary of Edinburgh at Little France,General Surgery,Royal Infirmary of Edinburgh at Little France,General Surgery,Victoria Hospital,Emergency Medicine,F2,Victoria Hospital,Emergency Medicine,,St John's Hospital,General (Internal) Medicine,,St John's Hospital,General (Internal) Medicine,
Scotland Deanery - South East Region - ScotS18,ScotS18004,F1,Royal Infirmary of Edinburgh at Little France,Acute Internal Medicine,Royal Infirmary of Edinburgh at Little France,Acute Internal Medicine,Victoria Hospital,Emergency Medicine,F2,Victoria Hospital,Emergency Medicine,,Western General Hospital,General Surgery,with Colorectal Surgery,Western General Hospital,General Surgery,with Colorectal Surgery
Scotland Deanery - South East Region - ScotS18,ScotS18005,F1,Western General Hospital,General Surgery,Western General Hospital,General Surgery,Royal Infirmary of Edinburgh at Little France,Acute Internal Medicine,F2,Royal Infirmary of Edinburgh at Little France,General (Internal) Medicine,,Victoria Hospital,Emergency Medicine,,Victoria Hospital,Emergency Medicine,
Scotland Deanery - South East Region - ScotS18,ScotS18006,F1,Victoria Hospital,Emergency Medicine,Victoria Hospital,Emergency Medicine,Western General Hospital,General Surgery,F2,Western General Hospital,General Surgery,with Colorectal Surgery,Royal Infirmary of Edinburgh at Little France,General (Internal) Medicine,with Colorectal Surgery,Royal Infirmary of Edinburgh at Little France,General (Internal) Medicine,with Colorectal Surgery
Scotland Deanery - South East Region - ScotS18,ScotS18007,F1,Western General Hospital,General (Internal) Medicine,Western General Hospital,General (Internal) Medicine,Royal Hospital for Children and Young People,Paediatrics,F2,Royal Hospital for Children and Young People,Paediatrics,,Victoria Hospital,General Surgery,,Victoria Hospital,General Surgery,
Scotland Deanery - South East Region - ScotS18,ScotS18008,F1,Victoria Hospital,General Surgery,Victoria Hospital,General Surgery,Western General Hospital,General (Internal) Medicine,F2,Western General Hospital,General (Internal) Medicine,,Royal Hospital for Children and Young People,Paediatrics,,Royal Hospital for Children and Young People,Paediatrics,
Scotland Deanery - South East Region - ScotS18,ScotS18009,F1,Royal Hospital for Children and Young People,Paediatrics,Royal Hospital for Children and Young People,Paediatrics,Victoria Hospital,General Surgery,F2,Victoria Hospital,General Surgery,,Western General Hospital,General (Internal) Medicine,,Western General Hospital,General (Internal) Medicine,
Scotland Deanery - South East Region - ScotS18,ScotS18010,F1,Borders General Hospital,General (Internal) Medicine,Royal Infirmary of Edinburgh at Little France,Vascular Surgery,Victoria Hospital,General (Internal) Medicine,F2,Victoria Hospital,General (Internal) Medicine,,Bellyeoman Surgery,General Practice,"Bellyeoman Surgery, Bellyeoman Road, Dunfermline, Fife, KY12 0AE (F20490)",Bellyeoman Surgery,General Practice,"Bellyeoman Surgery, Bellyeoman Road, Dunfermline, Fife, KY12 0AE (F20490)"
Scotland Deanery - South East Region - ScotS18,ScotS18011,F1,Victoria Hospital,General (Internal) Medicine,Victoria Hospital,General (Internal) Medicine,Royal Infirmary of Edinburgh at Little France,Vascular Surgery,F2,St John's Hospital,Emergency Medicine,,Royal Infirmary of Edinburgh at Little France,Geriatric Medicine,,Royal Infirmary of Edinburgh at Little France,Geriatric Medicine,
Scotland Deanery - South East Region - ScotS18,ScotS18012,F1,Royal Infirmary of Edinburgh at Little France,Vascular Surgery,Western General Hospital,Respiratory Medicine,Western General Hospital,Respiratory Medicine,F2,Bellyeoman Surgery,General Practice,"Bellyeoman Surgery, Bellyeoman Road, Dunfermline, Fife, KY12 0AE (F20490)",Victoria Hospital,General (Internal) Medicine,,Victoria Hospital,General (Internal) Medicine,
Scotland Deanery - South East Region - ScotS18,ScotS18013,F1,Western General Hospital,Urology,Borders General Hospital,General (Internal) Medicine,Borders General Hospital,General (Internal) Medicine,F2,Dalhousie Medical Practice,General Practice,"Dalhousie Medical Practice, The Health Centre, 109-111 High Street, Bonnyrigg, EH19 2ET (S77055)",Dalhousie Medical Practice,General Practice,"Dalhousie Medical Practice, The Health Centre, 109-111 High Street, Bonnyrigg, EH19 2ET (S77055)",Borders General Hospital,General Psychiatry,
Scotland Deanery - South East Region - ScotS18,ScotS18014,F1,Western General Hospital,Respiratory Medicine,Western General Hospital,Urology,Royal Infirmary of Edinburgh at Little France,Geriatric Medicine,F2,Royal Infirmary of Edinburgh at Little France,Geriatric Medicine,,Borders General Hospital,General Psychiatry,,Dalhousie Medical Practice,General Practice,"Dalhousie Medical Practice, The Health Centre, 109-111 High Street, Bonnyrigg, EH19 2ET (S77055)"
Scotland Deanery - South East Region - ScotS18,ScotS18015,F1,Royal Infirmary of Edinburgh at Little France,Geriatric Medicine,Royal Infirmary of Edinburgh at Little France,Geriatric Medicine,Western General Hospital,Urology,F2,Borders General Hospital,General Psychiatry,,St John's Hospital,Emergency Medicine,,St John's Hospital,Emergency Medicine,
Scotland Deanery - South East Region - ScotS19,ScotS19001,F1,Victoria Hospital,General Surgery,Royal Infirmary of Edinburgh at Little France,Gastroenterology,Royal Infirmary of Edinburgh at Little France,Acute Internal Medicine,F2,Victoria Hospital,Emergency Medicine,Research or Education themed post this can be decided once allocated,New Park Medical Practice,General Practice,"Research or Education themed post this can be decided once allocated - New Park Medical Practice, 163 Robertson Road, Dunfermline, KY12 0BL (F20466)",Victoria Hospital,General (Internal) Medicine,Research or Education themed post this can be decided once allocated
Scotland Deanery - South East Region - ScotS19,ScotS19002,F1,Royal Infirmary of Edinburgh at Little France,Acute Internal Medicine,Victoria Hospital,General Surgery,Royal Infirmary of Edinburgh at Little France,Gastroenterology,F2,Victoria Hospital,General (Internal) Medicine,Research or Education themed post this can be decided once allocated,Victoria Hospital,Emergency Medicine,Research or Education themed post this can be decided once allocated,New Park Medical Practice,General Practice,"Research or Education themed post this can be decided once allocated - New Park Medical Practice, 163 Robertson Road, Dunfermline, KY12 0BL (F20466)"
Scotland Deanery - South East Region - ScotS19,ScotS19003,F1,Royal Infirmary of Edinburgh at Little France,Gastroenterology,Royal Infirmary of Edinburgh at Little France,Acute Internal Medicine,Victoria Hospital,General Surgery,F2,New Park Medical Practice,General Practice,"Research or Education themed post this can be decided once allocated - New Park Medical Practice, 163 Robertson Road, Dunfermline, KY12 0BL (F20466)",Victoria Hospital,General (Internal) Medicine,Research or Education themed post this can be decided once allocated,Victoria Hospital,Emergency Medicine,Research or Education themed post this can be decided once allocated
Scotland Deanery - South East Region - ScotS19,ScotS19004,F1,Victoria Hospital,General (Internal) Medicine,Western General Hospital,General Surgery,Western General Hospital,Medical Oncology,F2,Victoria Hospital,General Surgery,Research or Education themed post this can be decided once allocated,Victoria Hospital,Palliative Medicine,Research or Education themed post this can be decided once allocated,NHS Fife,General Practice,Research or Education themed post this can be decided once allocated
Scotland Deanery - South East Region - ScotS19,ScotS19005,F1,Western General Hospital,Medical Oncology,Victoria Hospital,General (Internal) Medicine,Western General Hospital,General Surgery,F2,NHS Fife,General Practice,Research or Education themed post this can be decided once allocated,Victoria Hospital,General Surgery,Research or Education themed post this can be decided once allocated,Victoria Hospital,Palliative Medicine,Research or Education themed post this can be decided once allocated
Scotland Deanery - South East Region - ScotS19,ScotS19006,F1,Western General Hospital,General Surgery,Western General Hospital,Medical Oncology,Victoria Hospital,General (Internal) Medicine,F2,Victoria Hospital,Palliative Medicine,Research or Education themed post this can be decided once allocated,NHS Fife,General Practice,Research or Education themed post this can be decided once allocated,Victoria Hospital,General Surgery,Research or Education themed post this can be decided once allocated
Scotland Deanery - South East Region - ScotS20,ScotS20001,F1,St John's Hospital,General (Internal) Medicine,Western General Hospital,Urology,Western General Hospital,Gastroenterology,F2,Newland Medical Practice,General Practice,"Research or Education themed post this can be decided once allocated - Newland Medical Practice, Bathgate Primary Care Centre, Whitburn Road, Bathgate, EH48 2SS (S78077)",Royal Infirmary of Edinburgh at Little France,Cardiology,Research or Education themed post this can be decided once allocated,Royal Infirmary of Edinburgh at Little France,General Surgery,Research or Education themed post this can be decided once allocated
Scotland Deanery - South East Region - ScotS20,ScotS20002,F1,Western General Hospital,Gastroenterology,St John's Hospital,General (Internal) Medicine,Western General Hospital,Urology,F2,Royal Infirmary of Edinburgh at Little France,General Surgery,Research or Education themed post this can be decided once allocated,Newland Medical Practice,General Practice,"Research or Education themed post this can be decided once allocated - Newland Medical Practice, Bathgate Primary Care Centre, Whitburn Road, Bathgate, EH48 2SS (S78077)",Royal Infirmary of Edinburgh at Little France,Cardiology,Research or Education themed post this can be decided once allocated
Scotland Deanery - South East Region - ScotS20,ScotS20003,F1,Western General Hospital,Urology,Western General Hospital,Gastroenterology,St John's Hospital,General (Internal) Medicine,F2,Royal Infirmary of Edinburgh at Little France,Cardiology,Research or Education themed post this can be decided once allocated,Royal Infirmary of Edinburgh at Little France,General Surgery,Research or Education themed post this can be decided once allocated,Newland Medical Practice,General Practice,"Research or Education themed post this can be decided once allocated - Newland Medical Practice, Bathgate Primary Care Centre, Whitburn Road, Bathgate, EH48 2SS (S78077)"
